INSERT INTO address (address_id, civic_number, postal_code, street_name, town, province, country)
VALUES (1021, 1090, '600-8216', 'Shijo-dori', 'Kyoto', 'Kyoto', 'Japan');
INSERT INTO employee (employee_id, hotel_id, address_id, full_name, nas, position)
VALUES (1287, 201, 1021, 'Gregory Wheeler', 'NAS01287', 'Engineer, land');
INSERT INTO address (address_id, civic_number, postal_code, street_name, town, province, country)
VALUES (1022, 1091, '600-8216', 'Shijo-dori', 'Kyoto', 'Kyoto', 'Japan');
INSERT INTO employee (employee_id, hotel_id, address_id, full_name, nas, position)
VALUES (1288, 201, 1022, 'Charles Lee', 'NAS01288', 'Hotel manager');
INSERT INTO address (address_id, civic_number, postal_code, street_name, town, province, country)
VALUES (1023, 1092, '600-8216', 'Shijo-dori', 'Kyoto', 'Kyoto', 'Japan');
INSERT INTO employee (employee_id, hotel_id, address_id, full_name, nas, position)
VALUES (1289, 201, 1023, 'Ronald Watson', 'NAS01289', 'Community pharmacist');
INSERT INTO address (address_id, civic_number, postal_code, street_name, town, province, country)
VALUES (1024, 1093, '600-8216', 'Shijo-dori', 'Kyoto', 'Kyoto', 'Japan');
INSERT INTO employee (employee_id, hotel_id, address_id, full_name, nas, position)
VALUES (1290, 201, 1024, 'Wayne Randolph', 'NAS01290', 'General practice doctor');
INSERT INTO address (address_id, civic_number, postal_code, street_name, town, province, country)
VALUES (1025, 1094, '600-8216', 'Shijo-dori', 'Kyoto', 'Kyoto', 'Japan');
INSERT INTO employee (employee_id, hotel_id, address_id, full_name, nas, position)
VALUES (1291, 201, 1025, 'Kathryn Turner', 'NAS01291', 'Engineer, technical sales');
INSERT INTO address (address_id, civic_number, postal_code, street_name, town, province, country)
VALUES (1026, 1095, '600-8216', 'Shijo-dori', 'Kyoto', 'Kyoto', 'Japan');
INSERT INTO employee (employee_id, hotel_id, address_id, full_name, nas, position)
VALUES (1292, 201, 1026, 'Dawn Bishop', 'NAS01292', 'Intelligence analyst');
INSERT INTO address (address_id, civic_number, postal_code, street_name, town, province, country)
VALUES (1027, 1096, '600-8216', 'Shijo-dori', 'Kyoto', 'Kyoto', 'Japan');
INSERT INTO employee (employee_id, hotel_id, address_id, full_name, nas, position)
VALUES (1293, 201, 1027, 'James Parsons', 'NAS01293', 'Waste management officer');
INSERT INTO room (room_id, hotel_id, price, appliances, capacity, extras, existing_damage, status)
VALUES (700, 201, 351, 'Fridge', 3, 'Mountain View', 'Minor scratches', 'Occupied');
INSERT INTO room (room_id, hotel_id, price, appliances, capacity, extras, existing_damage, status)
VALUES (701, 201, 415, 'TV', 3, 'Hot Tub', 'Minor scratches', 'Occupied');
INSERT INTO room (room_id, hotel_id, price, appliances, capacity, extras, existing_damage, status)
VALUES (702, 201, 453, 'Mini Fridge, Heater', 2, 'Hot Tub', 'No damage', 'Under Maintenance');
INSERT INTO room (room_id, hotel_id, price, appliances, capacity, extras, existing_damage, status)
VALUES (703, 201, 474, 'TV', 2, 'Mountain View', 'No damage', 'Under Maintenance');
INSERT INTO room (room_id, hotel_id, price, appliances, capacity, extras, existing_damage, status)
VALUES (704, 201, 449, 'None', 4, 'Mountain View', 'Minor scratches', 'Available');
INSERT INTO room (room_id, hotel_id, price, appliances, capacity, extras, existing_damage, status)
VALUES (705, 201, 205, 'None', 2, 'Mountain View', 'Minor scratches', 'Occupied');
INSERT INTO room (room_id, hotel_id, price, appliances, capacity, extras, existing_damage, status)
VALUES (706, 201, 201, 'TV, Fridge', 4, 'Ocean View', 'No damage', 'Available');
INSERT INTO room (room_id, hotel_id, price, appliances, capacity, extras, existing_damage, status)
VALUES (707, 201, 322, 'Mini Fridge, Heater', 3, 'Balcony', 'No damage', 'Available');
INSERT INTO room (room_id, hotel_id, price, appliances, capacity, extras, existing_damage, status)
VALUES (708, 201, 178, 'AC', 3, 'Balcony', 'No damage', 'Under Maintenance');
INSERT INTO room (room_id, hotel_id, price, appliances, capacity, extras, existing_damage, status)
VALUES (709, 201, 480, 'TV, Fridge', 2, 'Hot Tub', 'Minor scratches', 'Under Maintenance');
INSERT INTO address (address_id, civic_number, postal_code, street_name, town, province, country)
VALUES (1028, 1100, '110001', 'Orchard Road', 'Singapore', 'Central', 'Singapore');
INSERT INTO employee (employee_id, hotel_id, address_id, full_name, nas, position)
VALUES (1294, 206, 1028, 'Jason Owen', 'NAS01294', 'Community arts worker');
INSERT INTO address (address_id, civic_number, postal_code, street_name, town, province, country)
VALUES (1029, 1101, '110001', 'Orchard Road', 'Singapore', 'Central', 'Singapore');
INSERT INTO employee (employee_id, hotel_id, address_id, full_name, nas, position)
VALUES (1295, 206, 1029, 'Manuel Walters', 'NAS01295', 'Ranger/warden');
INSERT INTO address (address_id, civic_number, postal_code, street_name, town, province, country)
VALUES (1030, 1102, '110001', 'Orchard Road', 'Singapore', 'Central', 'Singapore');
INSERT INTO employee (employee_id, hotel_id, address_id, full_name, nas, position)
VALUES (1296, 206, 1030, 'Steven Russell', 'NAS01296', 'Office manager');
INSERT INTO address (address_id, civic_number, postal_code, street_name, town, province, country)
VALUES (1031, 1103, '110001', 'Orchard Road', 'Singapore', 'Central', 'Singapore');
INSERT INTO employee (employee_id, hotel_id, address_id, full_name, nas, position)
VALUES (1297, 206, 1031, 'Karen Martinez', 'NAS01297', 'Exhibition designer');
INSERT INTO address (address_id, civic_number, postal_code, street_name, town, province, country)
VALUES (1032, 1104, '110001', 'Orchard Road', 'Singapore', 'Central', 'Singapore');
INSERT INTO employee (employee_id, hotel_id, address_id, full_name, nas, position)
VALUES (1298, 206, 1032, 'Megan Fisher', 'NAS01298', 'Sports therapist');
INSERT INTO address (address_id, civic_number, postal_code, street_name, town, province, country)
VALUES (1033, 1105, '110001', 'Orchard Road', 'Singapore', 'Central', 'Singapore');
INSERT INTO employee (employee_id, hotel_id, address_id, full_name, nas, position)
VALUES (1299, 206, 1033, 'Fernando Stephens', 'NAS01299', 'Insurance risk surveyor');
INSERT INTO address (address_id, civic_number, postal_code, street_name, town, province, country)
VALUES (1034, 1106, '110001', 'Orchard Road', 'Singapore', 'Central', 'Singapore');
INSERT INTO employee (employee_id, hotel_id, address_id, full_name, nas, position)
VALUES (1300, 206, 1034, 'Anthony Fowler', 'NAS01300', 'Chief Technology Officer');
INSERT INTO room (room_id, hotel_id, price, appliances, capacity, extras, existing_damage, status)
VALUES (710, 206, 464, 'TV, Fridge', 1, 'Hot Tub', 'No damage', 'Available');
INSERT INTO room (room_id, hotel_id, price, appliances, capacity, extras, existing_damage, status)
VALUES (711, 206, 168, 'TV', 3, 'Hot Tub', 'No damage', 'Under Maintenance');
INSERT INTO room (room_id, hotel_id, price, appliances, capacity, extras, existing_damage, status)
VALUES (712, 206, 138, 'TV, Fridge', 4, 'Balcony', 'No damage', 'Available');
INSERT INTO room (room_id, hotel_id, price, appliances, capacity, extras, existing_damage, status)
VALUES (713, 206, 120, 'Fridge', 2, 'Ocean View', 'Minor scratches', 'Occupied');
INSERT INTO room (room_id, hotel_id, price, appliances, capacity, extras, existing_damage, status)
VALUES (714, 206, 407, 'Fridge', 4, 'Hot Tub', 'Minor scratches', 'Available');
INSERT INTO room (room_id, hotel_id, price, appliances, capacity, extras, existing_damage, status)
VALUES (715, 206, 391, 'Fridge', 2, 'Balcony', 'No damage', 'Under Maintenance');
INSERT INTO room (room_id, hotel_id, price, appliances, capacity, extras, existing_damage, status)
VALUES (716, 206, 165, 'Fridge', 2, 'Hot Tub', 'Minor scratches', 'Occupied');
INSERT INTO room (room_id, hotel_id, price, appliances, capacity, extras, existing_damage, status)
VALUES (717, 206, 451, 'Mini Fridge, Heater', 1, 'Balcony', 'No damage', 'Available');
INSERT INTO room (room_id, hotel_id, price, appliances, capacity, extras, existing_damage, status)
VALUES (718, 206, 282, 'Fridge', 1, 'Ocean View', 'Minor scratches', 'Occupied');
INSERT INTO room (room_id, hotel_id, price, appliances, capacity, extras, existing_damage, status)
VALUES (719, 206, 368, 'Mini Fridge, Heater', 1, 'Hot Tub', 'No damage', 'Under Maintenance');
INSERT INTO address (address_id, civic_number, postal_code, street_name, town, province, country)
VALUES (1035, 1110, '00100', 'Kenyatta Avenue', 'Nairobi', 'Nairobi', 'Kenya');
INSERT INTO employee (employee_id, hotel_id, address_id, full_name, nas, position)
VALUES (1301, 211, 1035, 'Kathryn Gamble', 'NAS01301', 'Magazine journalist');
INSERT INTO address (address_id, civic_number, postal_code, street_name, town, province, country)
VALUES (1036, 1111, '00100', 'Kenyatta Avenue', 'Nairobi', 'Nairobi', 'Kenya');
INSERT INTO employee (employee_id, hotel_id, address_id, full_name, nas, position)
VALUES (1302, 211, 1036, 'Nicholas Wood', 'NAS01302', 'Medical laboratory scientific officer');
INSERT INTO address (address_id, civic_number, postal_code, street_name, town, province, country)
VALUES (1037, 1112, '00100', 'Kenyatta Avenue', 'Nairobi', 'Nairobi', 'Kenya');
INSERT INTO employee (employee_id, hotel_id, address_id, full_name, nas, position)
VALUES (1303, 211, 1037, 'Timothy Peck', 'NAS01303', 'Forensic psychologist');
INSERT INTO address (address_id, civic_number, postal_code, street_name, town, province, country)
VALUES (1038, 1113, '00100', 'Kenyatta Avenue', 'Nairobi', 'Nairobi', 'Kenya');
INSERT INTO employee (employee_id, hotel_id, address_id, full_name, nas, position)
VALUES (1304, 211, 1038, 'Michael Williams', 'NAS01304', 'Water engineer');
INSERT INTO address (address_id, civic_number, postal_code, street_name, town, province, country)
VALUES (1039, 1114, '00100', 'Kenyatta Avenue', 'Nairobi', 'Nairobi', 'Kenya');
INSERT INTO employee (employee_id, hotel_id, address_id, full_name, nas, position)
VALUES (1305, 211, 1039, 'Miguel Wade', 'NAS01305', 'Clothing/textile technologist');
INSERT INTO address (address_id, civic_number, postal_code, street_name, town, province, country)
VALUES (1040, 1115, '00100', 'Kenyatta Avenue', 'Nairobi', 'Nairobi', 'Kenya');
INSERT INTO employee (employee_id, hotel_id, address_id, full_name, nas, position)
VALUES (1306, 211, 1040, 'David Foster', 'NAS01306', 'Psychiatric nurse');
INSERT INTO address (address_id, civic_number, postal_code, street_name, town, province, country)
VALUES (1041, 1116, '00100', 'Kenyatta Avenue', 'Nairobi', 'Nairobi', 'Kenya');
INSERT INTO employee (employee_id, hotel_id, address_id, full_name, nas, position)
VALUES (1307, 211, 1041, 'Gary Davis', 'NAS01307', 'Chief Operating Officer');
INSERT INTO room (room_id, hotel_id, price, appliances, capacity, extras, existing_damage, status)
VALUES (720, 211, 372, 'TV, Fridge', 4, 'Ocean View', 'No damage', 'Under Maintenance');
INSERT INTO room (room_id, hotel_id, price, appliances, capacity, extras, existing_damage, status)
VALUES (721, 211, 219, 'TV', 1, 'Balcony', 'Minor scratches', 'Under Maintenance');
INSERT INTO room (room_id, hotel_id, price, appliances, capacity, extras, existing_damage, status)
VALUES (722, 211, 293, 'TV', 2, 'Ocean View', 'No damage', 'Under Maintenance');
INSERT INTO room (room_id, hotel_id, price, appliances, capacity, extras, existing_damage, status)
VALUES (723, 211, 437, 'TV, Fridge', 2, 'Balcony', 'Minor scratches', 'Available');
INSERT INTO room (room_id, hotel_id, price, appliances, capacity, extras, existing_damage, status)
VALUES (724, 211, 168, 'AC', 1, 'Ocean View', 'Minor scratches', 'Under Maintenance');
INSERT INTO room (room_id, hotel_id, price, appliances, capacity, extras, existing_damage, status)
VALUES (725, 211, 350, 'TV, Fridge', 1, 'Hot Tub', 'Minor scratches', 'Under Maintenance');
INSERT INTO room (room_id, hotel_id, price, appliances, capacity, extras, existing_damage, status)
VALUES (726, 211, 158, 'AC', 2, 'Mountain View', 'No damage', 'Available');
INSERT INTO room (room_id, hotel_id, price, appliances, capacity, extras, existing_damage, status)
VALUES (727, 211, 264, 'Fridge', 2, 'Balcony', 'Minor scratches', 'Available');
INSERT INTO room (room_id, hotel_id, price, appliances, capacity, extras, existing_damage, status)
VALUES (728, 211, 284, 'AC', 4, 'Ocean View', 'No damage', 'Under Maintenance');
INSERT INTO room (room_id, hotel_id, price, appliances, capacity, extras, existing_damage, status)
VALUES (729, 211, 478, 'AC', 2, 'Balcony', 'No damage', 'Under Maintenance');